﻿<?xml version="1.0" encoding="utf-8"?>
<SQL2005Config>
  <Global AgentJobHistory="500" AgentMaxHistory="20000" AGTAutoStart="1" ASAutoStart="0" ASCollation="Latin1_General_CI_AS" AuditLevel="2" DBA_DB="DBA_Data" DBAEmail="" DBMailProfile="Public DB Mail" DBOwnerAccount="DBOwner" DirDBA="DBAFiles" DirSQL="SQLFiles" DisableNetworkProtocols="0" DistributorDatabase="Distribution" DTCMultiInstance="Yes" DropInstallLogin="Yes" EnableRANU="1" ErrorReporting="0" FilePerm="&quot;Administrators&quot;:F &quot;Users&quot;:R" GroupDBANonSA="" GroupDBA="" Mailserver="" NumErrorLogs="31" NumLogins="20" NumTF="20" ISAutoStart="1" RSAutoStart="0" RSConfiguration="Default" RSSQLLocal="1" saName="sa" SecurityMode="" SpeedTest="5.0" SPLevel="SP4" SPCULevel="CU5" SQLAutoStart="1" SQLBrowserAutoStart="0" SQLCollation="Latin1_General_CI_AS" SQLWriterAutoStart="0" SQMReporting="0" tempdbFile="200 MB" TCPPort="1433" TCPPortAS="2383" TF10="T1117" TF11="T1118" TF12="T1222" TF13="T3604" TF14="T845" TF15="T3023" TF16="T4199" Upgrade="SQL_Engine,Analysis_Server,RS_Server">
    <Strings AnyKey="Press any key" CLSIdDTExec="F38B7F09-979B-4241-80D9-2EADED02954F" CLSIdSQL="2b9034f3-b661-4d36-a5ef-60ab5a711ace" CLSIdSQLSetup="55e84480-b1d9-4450-bc06-cecd783d9283" CLSIdSSIS="3A535076-26AB-4e7b-88A4-9EFCAA54370E" CLSIdVS="5F66DBAE-CAD3-468A-83D0-77ACE8ABC1F6" ClusASSuffix="AS" ClusDBSuffix="DB" ClusDTCSuffix="TC" ClusStorage="Available Storage" CSVRoot="ClusterStorage" InstADHelper="MSSQLServerADHelper" InstIS="MSDtsServer" LabBackup="Backup" LabBackupAS="AS Backup" LabData="SQL Data" LabDataAS="AS Data" LabDataFT="FT Data" LabDBA="DBA Misc" LabDTC="MSDTC" LabLog="SQL Logs" LabLogAS="AS Logs" LabLogTemp="Temp Logs" LabProg="Programs" LabSysDB="SQL SysDB" LabSystem="System" LabTemp="Temp" LabTempAS="AS Temp" LabTempWin="Temp" Language="ENU" MenuAccessories="Accessories" MenuAdminTools="Administrative Tools" MenuBOL="SQL Server Books Online" MenuConfigTools="Configuration Tools" MenuPerfTools="Performance Tools" MenuPrograms="Programs" MenuSQL2005="Microsoft SQL Server 2005" MenuSQLAS="Analysis Services" MenuSQLDocs="Documentation and Tutorials" MenuSQLIS="Integration Services" MenuSSMS="SQL Server Management Studio" MenuSSMSExp="SQL Server Management Studio Express" NativeOS="5.2" NTAuthAccount="" PathAddComp="..\Additional Components" PathSQLMedia="..\SQLMedia" PathSQLSP="..\Service Packs" ReportViewerVersion="9.0.30729.1" ResponseNo="N" ResponseYes="Y" SQLAgentStart="SQLSERVERAGENT starting under Windows NT service control" SQLProgDir="Microsoft SQL Server" SQLRecoveryComplete="Recovery is complete" SQLRSStartComplete=": Total Physical memory:" SQLVersionNet="9.0" SQLVersionNum="90" RSVersionNum="9" VSVersionNum="8.0" VSVersionPath="8"></Strings>
  </Global>
  <BuildClient DrvProg="" Options="">
    <Flags SetupABE="Yes" SetupBIDSHelper="Yes" SetupBOL="Yes" SetupBPAnalyzer="Yes" SetupCMD="Yes" SetupDimensionSCD="Yes" SetupDQC="N/A" SetupDRUClt="N/A" SetupDTSDesigner="Yes" SetupGenMaint="Yes" SetupIntViewer="Yes" SetupJRE="Yes" SetupMDXStudio="Yes" SetupMenus="Yes" SetupMyDocs="Yes" SetupNet3="Yes" SetupNet4="Yes" SetupNet45="Yes" SetupNetTrust="Yes" SetupNetwork="Yes" SetupNoDriveIndex="No" SetupNoTCPOffload="No" SetupPDFReader="Yes" SetupPerfDash="Yes" SetupPlanExplorer="Yes" SetupPlanExpAddin="Yes" SetupProcExp="Yes" SetupProcMon="Yes" SetupPS2="Yes" SetupRawReader="Yes" SetupRMLTools="Yes" SetupRptTaskPad="Yes" SetupRSLinkGen="Yes" SetupRSScripter="Yes" SetupServices="Yes" SetupShares="Yes" SetupSlipstream="Yes" SetupSP="Yes" SetupSPCU="Yes" SetupSPCUSNAC="Yes" SetupSPN="No" SetupSQLNexus="Yes" SetupSQLTools="Yes" SetupSSDT="N/A" SetupSSDTBI="N/A" SetupSSISDB="N/A" SetupSSMS="Yes" SetupSystemViews="Yes" SetupTrouble="Yes" SetupVS="Yes" SetupVS2005SP1="Yes" SetupXEvents="N/A" SetupWindows="Yes" SetupXMLNotepad="Yes" SetupZoomIt="Yes" UserConfiguration="No" UserPreparation="No"></Flags>
  </BuildClient>
  <BuildServer DrvProg="" Options="" spConfigureCLREnabled="1" spConfigureCostThreshold="20" spConfigureMaxServerMemory="" spConfigureOptimizeForAdHocWorkloads="1" spConfigureRemoteAdminConnections="1" spConfigureRemoteProcTrans="0" spConfigurexpCmdshell="0">
    <Flags SetupABE="Yes" SetupBIDS="Yes" SetupBIDSHelper="Yes" SetupBOL="Yes" SetupBPE="N/A" SetupCMD="Yes" SetupCmdExec="No" SetupDB2OLE="Yes" SetupDBAManagement="Yes" SetupDBMail="Yes" SetupDBOpts="Yes" SetupDCom="Yes" SetupDimensionSCD="Yes" SetupDisableSA="Yes" SetupDistributor="No" SetupDRUClt="N/A" SetupDTCCID="Yes" SetupDTCCluster="" SetupDTCNetAccess="Yes" SetupDTSDesigner="Yes" SetupDTSBackup="Yes" SetupFirewall="Yes" SetupGenMaint="Yes" SetupIntViewer="Yes" SetupJavaDBC="Yes" SetupJRE="Yes" SetupMDXStudio="Yes" SetupMenus="Yes" SetupMyDocs="Yes" SetupNet3="Yes" SetupNet4="Yes" SetupNet45="Yes" SetupNetTrust="Yes" SetupNetwork="Yes" SetupNoDriveIndex="Yes" SetupNonSAAccounts="Yes" SetupNoTCPOffload="Yes" SetupOLAP="Yes" SetupOLAPAPI="Yes" SetupOldAccounts="Yes" SetupParam="Yes" SetupPBM="N/A" SetupPDFReader="Yes" SetupPerfDash="Yes" SetupPlanExplorer="Yes" SetupPlanExpAddin="Yes" SetupProcExp="Yes" SetupProcMon="Yes" SetupPS2="Yes" SetupRawReader="Yes" SetupReportViewer="No" SetupRMLTools="Yes" SetupRptTaskPad="Yes" SetupRSLinkGen="Yes" SetupRSScripter="Yes" SetupSAAccounts="Yes" SetupSemantics="N/A" SetupServices="Yes" SetupShares="Yes" SetupSlipstream="Yes" SetupSP="Yes" SetupSPCU="Yes" SetupSPCUSNAC="Yes" SetupSQLAgent="Yes" SetupSQLBC="Yes" SetupSQLCE="No" SetupSQLDBFS="N/A" SetupSQLDBFT="Yes" SetupSQLDBRepl="Yes" SetupSQLInst="Yes" SetupSQLMail="No" SetupSQLNexus="Yes" SetupSQLNS="Yes" SetupSQLServer="Yes" SetupSQLTools="No" SetupSSISCluster="No" SetupSSDT="N/A" SetupSSDTBI="N/A" SetupSSISDB="N/A" SetupSSMS="Yes" SetupStdAccounts="Yes" SetupSysDB="Yes" SetupSysIndex="Yes" SetupSysManagement="Yes" SetupSystemViews="Yes" SetupTempDb="Yes" SetupTrouble="Yes" SetupVS="Yes" SetupVS2005SP1="Yes" SetupWindows="Yes" SetupXEvents="N/A" SetupXMLNotepad="Yes" SetupZoomIt="Yes" UserConfiguration="Yes" UserPreparation="Yes" />
  </BuildServer>
  <BuildWorkstation DrvProg="" Options="" spConfigureCLREnabled="1" spConfigureCostThreshold="20" spConfigureMaxServerMemory="" spConfigureOptimizeForAdHocWorkloads="1" spConfigureRemoteAdminConnections="1" spConfigureRemoteProcTrans="0" spConfigurexpCmdshell="0">
    <Flags SetupABE="Yes" SetupBIDS="Yes" SetupBIDSHelper="Yes" SetupBOL="Yes" SetupBPAnalyzer="Yes" SetupBPE="N/A" SetupCMD="Yes" SetupCmdshell="Yes" SetupDB2OLE="Yes" SetupDBAManagement="Yes" SetupDBMail="Yes" SetupDBOpts="Yes" SetupDCom="Yes" SetupDimensionSCD="Yes" SetupDisableSA="Yes" SetupDistributor="No" SetupDQC="N/A" SetupDRUClt="N/A" SetupDTCCID="Yes" SetupDTCCluster="No" SetupDTCNetAccess="Yes" SetupDTSBackup="Yes" SetupDTSDesigner="Yes" SetupFirewall="Yes" SetupGenMaint="Yes" SetupIntViewer="Yes" SetupJavaDBC="Yes" SetupJRE="Yes" SetupMDXStudio="Yes" SetupMenus="Yes" SetupMyDocs="No" SetupNet3="Yes" SetupNet4="Yes" SetupNet45="Yes" SetupNetTrust="Yes" SetupNetwork="Yes" SetupNoDriveIndex="No" SetupNonSAAccounts="Yes" SetupNoTCPOffload="Yes" SetupOLAP="Yes" SetupOLAPAPI="Yes" SetupOldAccounts="Yes" SetupParam="Yes" SetupPBM="N/A" SetupPDFReader="Yes" SetupPerfDash="Yes" SetupPlanExpAddin="Yes" SetupPlanExplorer="Yes" SetupPowerCfg="No" SetupProcExp="Yes" SetupProcMon="Yes" SetupPS2="Yes" SetupRawReader="Yes" SetupRMLTools="Yes" SetupRptTaskPad="Yes" SetupRSAdmin="Yes" SetupRSExec="Yes" SetupRSLinkGen="Yes" SetupRSScripter="Yes" SetupSAAccounts="Yes" SetupSemantics="N/A" SetupServices="Yes" SetupShares="Yes" SetupSlipstream="Yes" SetupSP="Yes" SetupSPCU="Yes" SetupSPCUSNAC="Yes" SetupSQLAgent="Yes" SetupSQLBC="Yes" SetupSQLDBFS="N/A" SetupSQLDBFT="Yes" SetupSQLDBRepl="Yes" SetupSQLInst="Yes" SetupSQLMail="No" SetupSQLNexus="Yes" SetupSQLNS="Yes" SetupSQLServer="Yes" SetupSQLTools="Yes" SetupSSISCluster="No" SetupSSDT="N/A" SetupSSDTBI="N/A" SetupSSISDB="N/A" SetupSSMS="Yes" SetupStdAccounts="Yes" SetupSysDB="Yes" SetupSysIndex="Yes" SetupSysManagement="Yes" SetupSystemViews="Yes" SetupTempDb="No" SetupTrouble="Yes" SetupVS="Yes" SetupVS2005SP1="Yes" SetupWindows="Yes" SetupXEvents="N/A" SetupXMLNotepad="Yes" SetupZoomIt="Yes" UserConfiguration="Yes" UserPreparation="Yes" />
  </BuildWorkstation>
  <Files ABEX64msi="ABEUIx64.msi" ABEX86msi="ABEUIx86.msi" AccidentalDBAzip="Accidental_DBA_EBook.zip" BIDSexe="BIDSHelper2005Setup(*.*.*.*).exe" BOLmsi="SqlServer2K5_BOL_Jan2009.msi" BPAX64msi="SQLBPASetup.msi" BPAX86msi="SQLBPASetup.msi" CacheManagerZip="SQLServerCacheManagerInstallation1_0_0_4.zip" DB2exe="DB2OLEDB.exe" DBAManagementCab="SqlDBAManagement.cab" DBAManagementbat="Install.bat" DimensionSCDZip="Dimension Merge SCD*Setups.zip" DimensionSCDX86msi="Dimension Merge SCD Setup 2005 x86.msi" DimensionSCDX64msi="Dimension Merge SCD Setup 2008 x64.msi" DTSmsi="SQLServer2005_DTS.msi" DTSBackupmsi="DTSBackup2000.msi" DTSFix="KB917406.sqlwb.exe.manifest" GenMaintCab="GenericMaintenance.cab" GenMaintSql="MaintenanceSolution.sql" GenMaintVbs="INSTALL.VBS" IntViewermsi="InternalsViewerInstaller2005.msi" Javaexe="sqljdbc_3.*.*.*_enu.exe" JREX86exe="jre-*-windows-i586.exe" JREX64exe="jre-*-windows-x64.exe" KB925336X86exe="WindowsServer2003-KB925336-x86-ENU.exe" KB925336X64exe="WindowsServer2003.WindowsXP-KB925336-x64-ENU.exe" KB932232exe="VS80sp1-KB932232-X86-ENU.exe" KB933789X86exe="WindowsServer2003-KB933789-x86-ENU.exe" KB933789X64exe="WindowsServer2003.WindowsXP-KB933789-x64-ENU.exe" KB954961exe="VS80sp1-KB954961-X86-INTL.exe" KB956250X86msu="Windows6.0-KB956250-x86.MSU" KB956250X64msu="Windows6.0-KB956250-x64.MSU" MBCAX86msi="MBCA_Setup32.msi" MBCAX64msi="MBCA_Setup64.msi" MDXZip="MDXStudio_*_*_*.zip" MDXexe="MDXStudio.exe" PDFexe="SumatraPDF-*.*-install.exe" PDFReg="SumatraPDF" PerfDashmsi="SQLServer2005_PerformanceDashboard.msi" PlanExpAddinmsi="SQLSentryPlanExplorerSSMSAddinSetup.msi" PlanExpX86msi="PlanExplorerInstaller-x86.exe" PlanExpX64exe="PlanExplorerInstaller-x64.exe" ProcExpZip="ProcessExplorer.zip" ProcExpexe="procexp.exe" ProcMonZip="ProcessMonitor.zip" ProcMonexe="Procmon.exe" ProgCacls="cacls" ProgNtrights="ntrights" ProgReg="reg" PS1XPX86="WindowsXP-KB926139-v2-x86-ENU.exe" PS1W2003X86="WindowsServer2003-KB926139-v2-x86-ENU.exe" PS1XPW2003X64="WindowsServer2003.WindowsXP-KB926139-v2-x64-ENU.exe" PS1VistaX86="Windows6.0-KB928439-x86.msu" PS1VistaX64="Windows6.0-KB928439-x64.msu" PS2XPX86="WindowsXP-KB968930-x86-ENG.exe" PS2W2003X86="WindowsServer2003-KB968930-x86-ENG.exe" PS2W2003X64="WindowsServer2003-KB968930-x64-ENG.exe" PS2W2008X86="Windows6.0-KB968930-x86.msu" PS2W2008X64="Windows6.0-KB968930-x64.msu" RawReaderexe="RawFileReader.exe" ReportViewerexe="ReportViewer2008SP1.exe" RMLToolsX86msi="RMLSetup_X86.msi" RMLToolsX64msi="RMLSetup_AMD64.msi" RptTaskPadRdl="SQL2000 Taskpad View.rdl" RSKeepAliveCab="RSKeepAlive.cab" RSLinkGenZip="RSLinkgen.zip" RSScripterZip="RSScripter.zip" SP2X86="SQLServer2005SP2-KB921896-x86-ENU.exe" SP2X86Exp="SQLEXPR_ADV.exe" SP2X86CU1="sqlserver2005-kb935356-x86-enu.exe" SP2X86CU2="sqlserver2005-kb936305-x86-enu.exe" SP2X86CU3="sqlserver2005-kb939537-x86-enu.exe" SP2X86CU4="sqlserver2005-kb941450-x86-enu.exe" SP2X86CU5="sqlserver2005-kb943656-x86-enu.exe" SP2X86CU6="sqlserver2005-kb946608-x86-enu.exe" SP2X86CU7="sqlserver2005-kb949095-x86-enu.exe" SP2X86CU8="SQLServer2005-KB951217-x86-ENU.exe" SP2X86CU9="sqlserver2005-kb953752-x86-enu.exe" SP2X86CU10="sqlserver2005-kb956854-x86-enu.exe" SP2X86CU11="sqlserver2005-kb958753-x86-enu.exe" SP2X86CU12="sqlserver2005-kb962970-x86-enu.exe" SP2X86CU13="sqlserver2005-kb967908-x86-enu.exe" SP2X86CU14="sqlserver2005-kb970278-x86-enu.exe" SP2X86CU15="sqlserver2005-kb972510-x86-enu.exe" SP2X86CU16="sqlserver2005-kb974647-x86-enu.exe" SP2X86CU17="sqlserver2005-kb976952-x86-enu.exe" SP2X64="SQLServer2005SP2-KB921896-x64-ENU.exe" SP2X64Exp="SQLEXPR_ADV.exe" SP2X64CU1="sqlserver2005-kb935356-x64-enu.exe" SP2X64CU2="sqlserver2005-kb936305-x64-enu.exe" SP2X64CU3="sqlserver2005-kb939537-x64-enu.exe" SP2X64CU4="sqlserver2005-kb941450-x64-enu.exe" SP2X64CU5="sqlserver2005-kb943656-x64-enu.exe" SP2X64CU6="sqlserver2005-kb946608-x64-enu.exe" SP2X64CU7="sqlserver2005-kb949095-x64-enu.exe" SP2X64CU8="SQLServer2005-KB951217-x64-ENU.exe" SP2X64CU9="sqlserver2005-kb953752-x64-enu.exe" SP2X64CU10="sqlserver2005-kb956854-x64-enu.exe" SP2X64CU11="sqlserver2005-kb958753-x64-enu.exe" SP2X64CU12="sqlserver2005-kb962970-x64-enu.exe" SP2X64CU13="sqlserver2005-kb967908-x64-enu.exe" SP2X64CU14="sqlserver2005-kb970278-x64-enu.exe" SP2X64CU15="sqlserver2005-kb972510-x64-enu.exe" SP2X64CU16="sqlserver2005-kb974647-x64-enu.exe" SP2X64CU17="sqlserver2005-kb976952-x64-enu.exe" SP3X86="SQLServer2005SP3-KB955706-x86-ENU.exe" SP3X86Exp="SQLEXPR_ADV.exe" SP3X86CU1="SQLServer2005-KB959195-x86-ENU.exe" SP3X86CU2="sqlserver2005-kb961920-x86-enu.exe" SP3X86CU3="sqlserver2005-kb967909-x86-enu.exe" SP3X86CU4="sqlserver2005-kb970279-x86-enu.exe" SP3X86CU5="sqlserver2005-kb972511-x86-enu.exe" SP3X86CU6="sqlserver2005-kb974648-x86-enu.exe" SP3X86CU7="sqlserver2005-kb960598-x86-enu.exe" SP3X86CU8="sqlserver2005-kb978915-x86-enu.exe" SP3X86CU9="sqlserver2005-kb980176-x86-enu.exe" SP3X86CU10="sqlserver2005-kb983329-x86-enu.exe" SP3X86CU11="sqlserver2005-kb2258854-x86-enu.exe" SP3X86CU12="sqlserver2005-kb2345449-x86-enu.exe" SP3X86CU13="sqlserver2005-kb2438344-x86-enu.exe" SP3X86CU14="sqlserver2005-kb2489375-x86-enu.exe" SP3X86CU15="sqlserver2005-kb2507766-x86-enu.exe" SP3X64="SQLServer2005SP3-KB955706-x64-ENU.exe" SP3X64Exp="SQLEXPR_ADV.exe" SP3X64CU1="SQLServer2005-KB959195-x64-ENU.exe" SP3X64CU2="sqlserver2005-kb961930-x64-enu.exe" SP3X64CU3="sqlserver2005-kb967909-x64-enu.exe" SP3X64CU4="sqlserver2005-kb970279-x64-enu.exe" SP3X64CU5="sqlserver2005-kb972511-x64-enu.exe" SP3X64CU6="sqlserver2005-kb974648-x64-enu.exe" SP3X64CU7="sqlserver2005-kb960598-x64-enu.exe" SP3X64CU8="sqlserver2005-kb978915-x64-enu.exe" SP3X64CU9="sqlserver2005-kb980176-x64-enu.exe" SP3X64CU10="sqlserver2005-kb983329-x64-enu.exe" SP3X64CU11="sqlserver2005-kb2258854-x64-enu.exe" SP3X64CU12="sqlserver2005-kb2345449-x64-enu.exe" SP3X64CU13="sqlserver2005-kb2438344-x64-enu.exe" SP3X64CU14="sqlserver2005-kb2489375-x64-enu.exe" SP3X64CU15="sqlserver2005-kb2507766-x64-enu.exe" SP4X86="SQLServer2005SP4-KB2463332-x86-ENU.exe" SP4X86Exp="SQLEXPR_ADV.exe" SP4X86CU1="sqlserver2005-kb2464079-x86-enu.exe" SP4X86CU2="sqlserver2005-kb2489409-x86-enu.exe" SP4X86CU3="sqlserver2005-kb2507769-x86-enu.exe" SP4X86CU4="sqlserver2005-kb2494123-x86-enu.exe" SP4X86CU5="SQLServer2005-KB2716427-x86-ENU.exe" SP4X64="SQLServer2005SP4-KB2463332-x64-ENU.exe" SP4X64Exp="SQLEXPR_ADV.exe" SP4X64CU1="sqlserver2005-kb2464079-x64-enu.exe" SP4X64CU2="sqlserver2005-kb2489409-x64-enu.exe" SP4X64CU3="sqlserver2005-kb2507769-x64-enu.exe" SP4X64CU4="sqlserver2005-kb2494123-x64-enu.exe" SP4X64CU5="SQLServer2005-KB2716427-x64-ENU.exe" SQLBCX86msi="SQLServer2005_BC.msi" SQLBCX64msi="SQLServer2005_BC_x64.msi" SQLCEmsi="SQLServerCE31-EN.msi" SQLFullExe="Servers\Setup.exe" SQLNexuszip="SQLNexus3.*.*.*.zip" SSMSexe="SSMS-Setup-ENU.exe" SysManagementCab="SqlSysManagement.cab" SysManagementbat="Install.bat" SystemViewsPDF="SQL_Server_2005_System_Views_Poster.pdf" TroublePDF="Troubleshooting Performance Problems SQL2005.pdf" UserConfigurationvbs=".\Build Scripts\User2Configuration.vbs" UserPreparationvbs=".\Build Scripts\User1Preparation.vbs" VS2005SP1exe="VS80sp1-KB926601-X86-ENU.exe" XMLmsi="XmlNotepad.msi" ZoomItZip="ZoomIt.zip" ZoomItExe="ZoomIt.exe"></Files>
</SQL2005Config>