﻿<?xml version="1.0" encoding="utf-8"?>
<SQL2012Config>
  <Global AgentJobHistory="500" AgentMaxHistory="20000" AGTSvcStartupType="Automatic" ASCollation="Latin1_General_CI_AS" ASProviderMSOlap="1" ASServerMode="Multidimensional" ASSvcStartupType="Manual" AuditLevel="2" BrowserSvcStartupType="Manual" CltStartupType="Manual" CtlrStartupType="Manual" DBA_DB="DBA_Data" DBAEmail="" DBMailProfile="Public DB Mail" DBOwnerAccount="DBOwner" DirDBA="DBAFiles" DirSQL="SQLFiles" DistributorDatabase="Distribution" DTCMultiInstance="Yes" DropInstallLogin="Yes" EnableRanu="1" ErrorReporting="0" FilePerm="&quot;Administrators&quot;:F &quot;Users&quot;:R" FileStreamLevel="2" GroupDBANonSA="" GroupDBA="" IsSvcStartupType="Automatic" Mailserver="" ManagementDW="ManagementDW" ManagementServer="" NPEnabled="1" NumErrorLogs="31" NumLogins="20" NumTF="20" Role="" RSCatalogServer="" RSInstallMode="DefaultNativeMode" RSShpInstallMode="DefaultSharePointMode" RSSvcStartupType="Automatic" saName="sa" SecurityMode="" SpeedTest="5.0" SPLevel="SP3" SPCULevel="CU4" SQLCollation="Latin1_General_CI_AS" SQLSvcStartupType="Automatic" SQMReporting="0" TCPEnabled="1" TCPPort="1433" TCPPortAS="2383" tempdbFile="200 MB" TF10="T1117" TF11="T1118" TF12="T1222" TF13="T3604" TF14="T845" TF15="T3023" TF16="T4199" TF17="T2371" WriterSvcStartupMode="Manual">
    <Strings AnyKey="Press any key" CLSIdDTExec="83B33982-693D-4824-B42E-7196AE61BB05" CLSIdSQL="" CLSIdSQLSetup="" CLSIdSSIS="FDC3723D-1588-4BA3-92D4-42C430735D7D" ClusASSuffix="AS" ClusDBSuffix="DB" ClusDTCSuffix="TC" ClusStorage="Available Storage" CSVRoot="ClusterStorage" InstIS="MSDtsServer110" LabBackup="Backup" LabBackupAS="AS Backup" LabData="SQL Data" LabDataAS="AS Data" LabDataFT="FT Data" LabDBA="DBA Misc" LabDTC="MSDTC" LabLog="SQL Logs" LabLogAS="AS Logs" LabLogTemp="Temp Logs" LabProg="Programs" LabSysDB="SQL SysDB" LabSystem="System" LabTemp="SQL Temp" LabTempAS="AS Temp" LabTempWin="Temp" Language="ENU" MenuAccessories="Accessories" MenuAdminTools="Administrative Tools" MenuConfigTools="Configuration Tools" MenuPerfTools="Performance Tools" MenuPrograms="Programs" MenuSQL2005="Microsoft SQL Server 2005" MenuSQL2008="Microsoft SQL Server 2008" MenuSQL2008R2="Microsoft SQL Server 2008 R2" MenuSQL2012="Microsoft SQL Server 2012" MenuSQLAS="Analysis Services" MenuSQLDocs="Documentation &amp; Community" MenuSQLIS="Integration Services" MenuSQLNS="Notification Services Command Prompt" MenuSQLRS="Reporting Services" MenuSSMS="SQL Server Management Studio" MenuSSMSExp="SQL Server Management Studio" NativeOS="6.2" NTAuthAccount="" PathAddComp="..\Additional Components" PathSQLMedia="..\SQLMedia" PathSQLSP="..\Service Packs" ReportViewerVersion="10.0.40219.1" ResponseNo="N" ResponseYes="Y" SQLAgentStart="SQLSERVERAGENT starting under Windows NT service control" RsFxVersion="0310" RSVersionNum="11" SQLProgDir="Microsoft SQL Server" SQLRecoveryComplete="Recovery is complete" SQLRSStartComplete="INFO: Total Physical memory:" SQLVersionNet="11.0" SQLVersionNum="110" VSVersionNum="10.0" VSVersionPath="10.0" />
  </Global>
  <BuildClient DrvProg="" Options="">
    <Flags SetupABE="Yes" SetupBIDS="Yes" SetupBIDSHelper="Yes" SetupBOL="Yes" SetupBPAnalyzer="Yes" SetupBPE="N/A" SetupCacheManager="Yes" SetupCMD="Yes" SetupDimensionSCD="Yes" SetupDQ="N/A" SetupDQC="Yes" SetupDRUClt="Yes" SetupDTSDesigner="N/A" SetupDTSBackup="N/A" SetupGenMaint="Yes" SetupIntViewer="N/A" SetupJRE="Yes" SetupMDXStudio="Yes" SetupMenus="Yes" SetupMyDocs="Yes" SetupNet3="Yes" SetupNet4="Yes" SetupNet45="Yes" SetupNetTrust="Yes" SetupNetwork="Yes" SetupNoDriveIndex="No" SetupNoTCPOffload="Yes" SetupPDFReader="Yes" SetupPerfDash="Yes" SetupPlanExplorer="Yes" SetupPlanExpAddin="Yes" SetupPowerCfg="No" SetupProcExp="Yes" SetupProcMon="Yes" SetupPS2="Yes" SetupRawReader="N/A" SetupRMLTools="Yes" SetupRptTaskPad="Yes" SetupRSLinkGen="Yes" SetupRSScripter="Yes" SetupShares="Yes" SetupSlipstream="No" SetupSP="Yes" SetupSPCU="Yes" SetupSPCUSNAC="Yes" SetupSPN="No" SetupSQLBC="Yes" SetupSQLNexus="Yes" SetupSQLTools="Yes" SetupSSDT="Yes" SetupSSDTBI="Yes" SetupSSISDB="N/A" SetupSSMS="Yes" SetupStreamInsight="Yes" SetupSystemViews="Yes" SetupTrouble="Yes" SetupVS="Yes" SetupWindows="Yes" SetupXEvents="N/A" SetupXMLNotepad="Yes" SetupZoomIt="Yes" UserConfiguration="No" UserPreparation="No"></Flags>
  </BuildClient>
  <BuildServer DrvProg="" Options="" spConfigureCLREnabled="1" spConfigureCostThreshold="20" spConfigureMaxServerMemory="" spConfigureOptimizeForAdHocWorkloads="1" spConfigureRemoteAdminConnections="1" spConfigureRemoteProcTrans="0" spConfigurexpCmdshell="0">
    <Flags SetupABE="Yes" SetupBIDS="Yes" SetupBIDSHelper="Yes" SetupBOL="Yes" SetupBPAnalyzer="Yes" SetupBPE="N/A" SetupCacheManager="Yes" SetupCMD="Yes" SetupCmdExec="No" SetupDB2OLE="Yes" SetupDBAManagement="Yes" SetupDBMail="Yes" SetupDBOpts="Yes" SetupDCom="Yes" SetupDQ="No" SetupDQC="Yes" SetupDimensionSCD="Yes" SetupDisableSA="Yes" SetupDistributor="No" SetupDRUClt="Yes" SetupDRUCtlr="No" SetupDTCCID="Yes" SetupDTCCluster="" SetupDTCNetAccess="No" SetupDTSDesigner="N/A" SetupDTSBckup="N/A" SetupFirewall="Yes" SetupGenMaint="Yes" SetupIntViewer="N/A" SetupJavaDBC="Yes" SetupJRE="Yes" SetupManagementDW="Yes" SetupMDXStudio="Yes" SetupMenus="Yes" SetupMyDocs="Yes" SetupNet3="Yes" SetupNet4="Yes" SetupNet45="Yes" SetupNetTrust="Yes" SetupNetwork="Yes" SetupNoDriveIndex="Yes" SetupNonSAAccounts="Yes" SetupNoTCPOffload="Yes" SetupOLAP="Yes" SetupOLAPAPI="Yes" SetupOldAccounts="Yes" SetupParam="Yes" SetupPBM="Yes" SetupPDFReader="Yes" SetupPerfDash="Yes" SetupPlanExpAddin="Yes" SetupPlanExplorer="Yes" SetupPowerCfg="Yes" SetupProcExp="Yes" SetupProcMon="Yes" SetupPS2="Yes" SetupRawReader="N/A" SetupRMLTools="Yes" SetupRptTaskPad="Yes" SetupRSAdmin="Yes" SetupRSExec="Yes" SetupRSLinkGen="Yes" SetupRSScripter="Yes" SetupSAAccounts="Yes" SetupServices="Yes" SetupSemantics="Yes" SetupShares="Yes" SetupSlipstream="No" SetupSP="Yes" SetupSPCU="Yes" SetupSPCUSNAC="Yes" SetupSQLAgent="Yes" SetupSQLBC="Yes" SetupSQLDBFS="Yes" SetupSQLDBFT="Yes" SetupSQLDBRepl="Yes" SetupSQLInst="Yes" SetupSQLMail="No" SetupSQLNexus="Yes" SetupSQLServer="Yes" SetupSQLTools="No" SetupSSDT="Yes" SetupSSDTBI="Yes" SetupSSISCluster="No" SetupSSISDB="Yes" SetupSSMS="Yes" SetupStdAccounts="Yes" SetupStreamInsight="No" SetupSysDB="Yes" SetupSysIndex="Yes" SetupSysManagement="Yes" SetupSystemViews="Yes" SetupTempDb="Yes" SetupTrouble="Yes" SetupVS="Yes" SetupWindows="Yes" SetupXEvents="N/A" SetupXMLNotepad="Yes" SetupZoomIt="Yes" UserConfiguration="Yes" UserPreparation="Yes" />
  </BuildServer>
  <BuildWorkstation DrvProg="" Options="" spConfigureCLREnabled="1" spConfigureCostThreshold="20" spConfigureMaxServerMemory="" spConfigureOptimizeForAdHocWorkloads="1" spConfigureRemoteAdminConnections="1" spConfigureRemoteProcTrans="0" spConfigurexpCmdshell="0">
    <Flags SetupABE="Yes" SetupBIDS="Yes" SetupBIDSHelper="Yes" SetupBOL="Yes" SetupBPAnalyzer="Yes" SetupBPE="N/A" SetupCacheManager="Yes" SetupCMD="Yes" SetupCmdExec="No" SetupDB2OLE="Yes" SetupDBAManagement="Yes" SetupDBMail="Yes" SetupDBOpts="Yes" SetupDCom="Yes" SetupDimensionSCD="Yes" SetupDisableSA="Yes" SetupDistributor="No" SetupDQ="Yes" SetupDQC="Yes" SetupDRUClt="Yes" SetupDRUCtlr="No" SetupDTCCID="Yes" SetupDTCCluster="No" SetupDTCNetAccess="No" SetupDTSDesigner="N/A" SetupDTSBackup="N/A" SetupFirewall="Yes" SetupGenMaint="Yes" SetupIntViewer="N/A" SetupJavaDBC="Yes" SetupJRE="Yes" SetupManagementDW="Yes" SetupMDXStudio="Yes" SetupMenus="Yes" SetupMyDocs="No" SetupNet3="Yes" SetupNet4="Yes" SetupNet45="Yes" SetupNetTrust="Yes" SetupNetwork="Yes" SetupNoDriveIndex="No" SetupNonSAAccounts="Yes" SetupNoTCPOffload="Yes" SetupOLAP="Yes" SetupOLAPAPI="Yes" SetupOldAccounts="Yes" SetupParam="Yes" SetupPBM="Yes" SetupPDFReader="Yes" SetupPerfDash="Yes" SetupPlanExpAddin="Yes" SetupPlanExplorer="Yes" SetupPowerCfg="No" SetupProcExp="Yes" SetupProcMon="Yes" SetupPS2="Yes" SetupRawReader="N/A" SetupRMLTools="Yes" SetupRptTaskPad="Yes" SetupRSAdmin="Yes" SetupRSExec="Yes" SetupRSLinkGen="Yes" SetupRSScripter="Yes" SetupSAAccounts="Yes" SetupSemantics="Yes" SetupServices="Yes" SetupShares="Yes" SetupSlipstream="No" SetupSQLAgent="Yes" SetupSP="Yes" SetupSPCU="Yes" SetupSPCUSNAC="Yes" SetupSQLBC="Yes" SetupSQLDBFS="Yes" SetupSQLDBFT="Yes" SetupSQLDBRepl="Yes" SetupSQLInst="Yes" SetupSQLMail="No" SetupSQLNexus="Yes" SetupSQLServer="Yes" SetupSQLTools="Yes" SetupSSDT="Yes" SetupSSDTBI="Yes" SetupSSISCluster="No" SetupSSISDB="Yes" SetupSSMS="Yes" SetupStdAccounts="Yes" SetupStreamInsight="No" SetupSysDB="Yes" SetupSysIndex="Yes" SetupSysManagement="Yes" SetupSystemViews="Yes" SetupTempDb="No" SetupTrouble="Yes" SetupVS="Yes" SetupWindows="Yes" SetupXEvents="N/A" SetupXMLNotepad="Yes" SetupZoomIt="Yes" UserConfiguration="Yes" UserPreparation="Yes" />
  </BuildWorkstation>
  <Files ABEX64msi="ABEUIx64.msi" ABEX86msi="ABEUIx86.msi" AccidentalDBAzip="Accidental_DBA_EBook.zip" BPAX64msi="SQL2012BPA_Setup64.msi" BPAX86msi="SQL2012BPA_Setup32.msi" CacheManagerZip="SQLServerCacheManagerInstallation1_0_0_4.zip" BIDSexe="BIDSHelper2012Setup(*.*.*.*).exe" BOLexe="SQLServer2012Documentation_December2012_EN.exe" DB2OLEX86msi="DB2OLEDBV4x86.msi" DB2OLEX64msi="DB2OLEDBV4x64.msi" DBAManagementCab="SqlDBAManagement.cab" DBAManagementbat="Install.bat" DimensionSCDZip="Dimension Merge SCD*Setups.zip" DimensionSCDX86msi="Dimension Merge SCD Setup 2008 x86.msi" DimensionSCDX64msi="Dimension Merge SCD Setup 2008 x64.msi" GenMaintCab="GenericMaintenance.cab" GenMaintSql="MaintenanceSolution.sql" GenMaintVbs="INSTALL.VBS" GovernorSql="Set-ResourceGovernor.sql" IntViewermsi="InternalsViewerInstaller2008.msi" Javaexe="sqljdbc_*_enu.exe" JREX86exe="jre-*-windows-i586.exe" JREX64exe="jre-*-windows-x64.exe" KB956250X86msu="Windows6.0-KB956250-x86.MSU" KB956250X64msu="Windows6.0-KB956250-x64.MSU" KB958488X86msu="Windows6.1-KB958488-v6001-x86.msu" KB958488X64msu="Windows6.1-KB958488-v6001-x64.msu" KB2862966W2008X86msu="Windows6.0-KB2862966-x86.msu" KB2862966W2008X64msu="Windows6.8-KB2862966-x64.msu" KB2862966W2008R2X86msu="Windows6.1-KB2862966-x64.msu" KB2962966W2008R2X64msu="Windows6.1-KB2862966-x64.msu" KB2962966X86msu="Windows8-RT-KB2862966-x64.msu" KB2962966X64msu="Windows8-RT-KB2862966-x64.msu" KB2919355X86msu="Windows8.1-KB2919355-x86.msu" KB2919355X64msu="Windows8.1-KB2919355-x64.msu" KB2919442X86msu="Windows8.1-KB2919442-x86.msu" KB2919442X64msu="Windows8.1-KB2919442-x64.msu" KB3090973X86msu="Windows8.1-KB3090973-x86.msu" KB3090973X64msu="Windows8.1-KB3090973-x64.msu" MBCAX86msi="MBCA_Setup32.msi" MBCAX64msi="MBCA_Setup64.msi" MBCAWin8X86msi="MBCA_Setup32_Win8.msi" MBCAWin8X64msi="MBCA_Setup64_Win8.msi" MDXZip="MDXStudio_*_*_*.zip" MDXexe="MDXStudio.exe" Net4Xexe="NDP*-KB*-x86-x64-AllOS-ENU.exe" PBMCab="FineBuildPBM.cab" PBMBat="FineBuildPBM.BAT" PDFexe="SumatraPDF-*.*-install.exe" PDFReg="SumatraPDF" PerfDashmsi="SQLServer2012_PerformanceDashboard.msi" PlanExpAddinmsi="SQLSentryPlanExplorerSSMSAddinSetup.msi" PlanExpX86exe="PlanExplorerInstaller-x86.exe" PlanExpX64exe="PlanExplorerInstaller-x64.exe" ProcExpZip="ProcessExplorer.zip" ProcExpexe="procexp.exe" ProcMonZip="ProcessMonitor.zip" ProcMonexe="Procmon.exe" ProgCacls="cacls" ProgNtrights="ntrights" ProgReg="reg" PS1VistaX86="Windows6.0-KB928439-x86.msu" PS1VistaX64="Windows6.0-KB928439-x64.msu" PS2W2008X86="Windows6.0-KB968930-x86.msu" PS2W2008X64="Windows6.0-KB968930-x64.msu" RawReaderexe="RawFileReader.exe" ReportViewerexe="ReportViewer.exe" RMLToolsX86msi="RMLSetup_X86.msi" RMLToolsX64msi="RMLSetup_AMD64.msi" RSKeepAliveCab="RSKeepAlive.cab" RSLinkGenZip="RSLinkgen.zip" RSScripterZip="RSScripter.zip" RTMX86CU1="SQLServer2012-KB2679368-x86.exe" RTMX86CU2="SQLServer2012-KB2703275-x86.exe" RTMX86CU3="SQLServer2012-KB2723749-x86.exe" RTMX86CU4="SQLServer2012-KB2758687-x86.exe" RTMX86CU5="SQLServer2012-KB2777772-x86.exe" RTMX86CU6="SQLServer2012-KB2728897-x86.exe" RTMX86CU7="SQLServer2012-KB2823247-x86.exe" RTMX86CU8="SQLServer2012-KB2844205-x86.exe" RTMX86CU9="SQLServer2012-KB2867319-x86.exe" RTMX86CU10="SQLServer2012-KB2891666-x86.exe" RTMX86CU11="SQLServer2012-KB2908007-x86.exe" RTMX64CU1="SQLServer2012-KB2679368-x64.exe" RTMX64CU2="SQLServer2012-KB2703275-x64.exe" RTMX64CU3="SQLServer2012-KB2723749-x64.exe" RTMX64CU4="SQLServer2012-KB2758687-x64.exe" RTMX64CU5="SQLServer2012-KB2777772-x64.exe" RTMX64CU6="SQLServer2012-KB2728897-x64.exe" RTMX64CU7="SQLServer2012-KB2823247-x64.exe" RTMX64CU8="SQLServer2012-KB2844205-x64.exe" RTMX64CU9="SQLServer2012-KB2867319-x64.exe" RTMX64CU10="SQLServer2012-KB2891666-x64.exe" RTMX64CU11="SQLServer2012-KB2908007-x64.exe" SP1X86="SQLServer2012SP1-KB2674319-x86-ENU.exe" SP1X86CU1="SQLServer2012-KB2765331-x86.exe" SP1X86CU2="SQLServer2012-KB2790947-x86.exe" SP1X86CU3="SQLServer2012-KB2812412-x86.exe" SP1X86CU4="SQLServer2012-KB2833645-x86.exe" SP1X86CU5="SQLServer2012-KB2861107-x86.exe" SP1X86CU6="SQLServer2012-KB2874879-x86.exe" SP1X86CU7="SQLServer2012-KB2894115-x86.exe" SP1X86CU8="SQLServer2012-KB2917531-x86.exe" SP1X86CU9="SQLServer2012-KB2931078-x86.exe" SP1X86CU10="SQLServer2012-KB2954099-x86.exe" SP1X86CU11="SQLServer2012-KB2975396-x86.exe" SP1X86CU12="SQLServer2012-KB2991533-x86.exe" SP1X86CU13="SQLServer2012-KB3002044-x86.exe" SP1X86CU14="SQLServer2012-KB3023636-x86.exe" SP1X86CU15="SQLServer2012-KB3038001-x86.exe" SP1X86CU16="SQLServer2012-KB3052476-x86.exe" SP1X64="SQLServer2012SP1-KB2674319-x64-ENU.exe" SP1X64CU1="SQLServer2012-KB2765331-x64.exe" SP1X64CU2="SQLServer2012-KB2790947-x64.exe" SP1X64CU3="SQLServer2012-KB2812412-x64.exe" SP1X64CU4="SQLServer2012-KB2833645-x64.exe" SP1X64CU5="SQLServer2012-KB2861107-x64.exe" SP1X64CU6="SQLServer2012-KB2874879-x64.exe" SP1X64CU7="SQLServer2012-KB2894115-x64.exe" SP1X64CU8="SQLServer2012-KB2917531-x64.exe" SP1X64CU9="SQLServer2012-KB2931078-x64.exe" SP1X64CU10="SQLServer2012-KB2954099-x64.exe" SP1X64CU11="SQLServer2012-KB2975396-x64.exe" SP1X64CU12="SQLServer2012-KB2991533-x64.exe" SP1X64CU13="SQLServer2012-KB3002044-x64.exe" SP1X64CU14="SQLServer2012-KB3023636-x64.exe" SP1X64CU15="SQLServer2012-KB3038001-x64.exe" SP1X64CU16="SQLServer2012-KB3052476-x64.exe" SP2X86="SQLServer2012SP2-KB2958429-x86-ENU.exe" SP2X86CU1="SQLServer2012-KB2976892-x86.exe" SP2X86CU2="SQLServer2012-KB2983175-x86.exe" SP2X86CU3="SQLServer2012-KB3002049-x86.exe" SP2X86CU4="SQLServer2012-KB3007556-x86.exe" SP2X86CU5="SQLServer2012-KB3037255-x86.exe" SP2X86CU6="SQLServer2012-KB3052468-x86.exe" SP2X86CU7="SQLServer2012-KB3072100-x86.exe" SP2X86CU8="SQLServer2012-KB3082561-x86.exe" SP2X86CU9="SQLServer2012-KB3098512-x86.exe" SP2X86CU10="SQLServer2012-KB3120313-x86.exe" SP2X86CU11="SQLServer2012-KB3137745-x86.exe" SP2X86CU12="SQLServer2012-KB3152637-x86.exe" SP2X86CU13="SQLServer2012-KB3165266-x86.exe" SP2X64="SQLServer2012SP2-KB2958429-x64.exe" SP2X64CU1="SQLServer2012-KB2976892-x64.exe" SP2X64CU2="SQLServer2012-KB2983175-x64.exe" SP2X64CU3="SQLServer2012-KB3002049-x64.exe" SP2X64CU4="SQLServer2012-KB3007556-x64.exe" SP2X64CU5="SQLServer2012-KB3037255-x64.exe" SP2X64CU6="SQLServer2012-KB3052468-x64.exe" SP2X64CU7="SQLServer2012-KB3072100-x64.exe" SP2X64CU8="SQLServer2012-KB3082561-x64.exe" SP2X64CU9="SQLServer2012-KB3098512-x64.exe" SP2X64CU10="SQLServer2012-KB3120313-x64.exe" SP2X64CU11="SQLServer2012-KB3137745-x64.exe" SP2X64CU12="SQLServer2012-KB3152637-x64.exe" SP2X64CU13="SQLServer2012-KB3165266-x64.exe" SP3X86="SQLServer2012SP3-KB3072779-x86-ENU.exe" SP3X64="SQLServer2012SP3-KB3072779-x64-ENU.exe" SP3X86CU1="SQLServer2012-KB3123299-x86.exe" SP3X86CU2="SQLServer2012-KB3137746-x86.exe" SP3X86CU3="SQLServer2012-KB3152635-x86.exe" SP3X86CU4="SQLServer2012-KB3165254-x86.exe" SP3X64CU1="SQLServer2012-KB3123299-x64.exe" SP3X64CU2="SQLServer2012-KB3137746-x64.exe" SP3X64CU3="SQLServer2012-KB3152635-x64.exe" SP3X64CU4="SQLServer2012-KB3165254-x64.exe" SQLBCX86msi="SQLServer2005_BC.msi" SQLBCX64msi="SQLServer2005_BC_x64.msi" SQLCEX86exe="SSCERuntime_x86-ENU.exe" SQLCEX64exe="SSCERuntime_x64-ENU.exe" SQLFullExe="Setup.exe" SQLNexuszip="SQLNexus*.*.*.*.zip" SQLNSX86msi="SQLServer2005_NS.msi" SQLNSX64msi="SQLServer2005_NS_x64.msi" SSDTBIexe="SSDTSetup.EXE" SSMSexe="SSMS-Setup-ENU.exe" SysManagementCab="SqlSysManagement.cab" SysManagementbat="Install.bat" SystemViewsPDF="SQL_Server_2012_System_Views_Map.pdf" RptTaskPadRdl="SQL2000 Taskpad View.rdl" TroublePDF="Troubleshooting Performance Problems SQL2008.pdf" UserConfigurationvbs=".\Build Scripts\User2Configuration.vbs" UserPreparationvbs=".\Build Scripts\User1Preparation.vbs" VS2010SP1exe="SETUP.EXE" XMLmsi="XmlNotepad.msi" ZoomItZip="ZoomIt.zip" ZoomItExe="ZoomIt.exe"></Files>
</SQL2012Config>